submission_type,model_name,well_id,pad_id,phase,forecast_month,forecast_volume
strict_auto,smartcast_v1,42000000000000,pad-0,oil,2026-01-01,1625.962976
strict_auto,smartcast_v1,42000000000000,pad-0,oil,2026-02-01,1569.724663
strict_auto,smartcast_v1,42000000000000,pad-0,oil,2026-03-01,1516.710312
strict_auto,smartcast_v1,42000000000000,pad-0,oil,2026-04-01,1466.665168
strict_auto,smartcast_v1,42000000000000,pad-0,oil,2026-05-01,1419.359884
strict_auto,smartcast_v1,42000000000000,pad-0,oil,2026-06-01,1374.587484
strict_auto,smartcast_v1,42000000000000,pad-0,oil,2026-07-01,1332.16075
strict_auto,smartcast_v1,42000000000000,pad-0,oil,2026-08-01,1291.909951
strict_auto,smartcast_v1,42000000000000,pad-0,oil,2026-09-01,1253.680891
strict_auto,smartcast_v1,42000000000000,pad-0,oil,2026-10-01,1217.333196
strict_auto,smartcast_v1,42000000000000,pad-0,oil,2026-11-01,1182.738828
strict_auto,smartcast_v1,42000000000000,pad-0,oil,2026-12-01,1149.780782
strict_auto,smartcast_v1,42000000000000,pad-0,oil,2027-01-01,1118.351941
strict_auto,smartcast_v1,42000000000000,pad-0,oil,2027-02-01,1088.354075
strict_auto,smartcast_v1,42000000000000,pad-0,oil,2027-03-01,1059.696952
strict_auto,smartcast_v1,42000000000000,pad-0,oil,2027-04-01,1032.297551
strict_auto,smartcast_v1,42000000000000,pad-0,oil,2027-05-01,1006.079375
strict_auto,smartcast_v1,42000000000000,pad-0,oil,2027-06-01,980.971829
strict_auto,smartcast_v1,42000000000000,pad-0,oil,2027-07-01,956.90967
strict_auto,smartcast_v1,42000000000000,pad-0,oil,2027-08-01,933.832524
strict_auto,smartcast_v1,42000000000000,pad-0,oil,2027-09-01,911.684443
strict_auto,smartcast_v1,42000000000000,pad-0,oil,2027-10-01,890.413515
strict_auto,smartcast_v1,42000000000000,pad-0,oil,2027-11-01,869.971514
strict_auto,smartcast_v1,42000000000000,pad-0,oil,2027-12-01,850.313584
strict_auto,smartcast_v1,42000000000000,pad-0,gas,2026-01-01,2974.780238
strict_auto,smartcast_v1,42000000000000,pad-0,gas,2026-02-01,2899.70623
strict_auto,smartcast_v1,42000000000000,pad-0,gas,2026-03-01,2828.515486
strict_auto,smartcast_v1,42000000000000,pad-0,gas,2026-04-01,2760.912633
strict_auto,smartcast_v1,42000000000000,pad-0,gas,2026-05-01,2696.631638
strict_auto,smartcast_v1,42000000000000,pad-0,gas,2026-06-01,2635.432246
strict_auto,smartcast_v1,42000000000000,pad-0,gas,2026-07-01,2577.096921
strict_auto,smartcast_v1,42000000000000,pad-0,gas,2026-08-01,2521.428222
strict_auto,smartcast_v1,42000000000000,pad-0,gas,2026-09-01,2468.246526
strict_auto,smartcast_v1,42000000000000,pad-0,gas,2026-10-01,2417.38806
strict_auto,smartcast_v1,42000000000000,pad-0,gas,2026-11-01,2368.703187
strict_auto,smartcast_v1,42000000000000,pad-0,gas,2026-12-01,2322.054909
strict_auto,smartcast_v1,42000000000000,pad-0,gas,2027-01-01,2277.317558
strict_auto,smartcast_v1,42000000000000,pad-0,gas,2027-02-01,2234.375645
strict_auto,smartcast_v1,42000000000000,pad-0,gas,2027-03-01,2193.122851
strict_auto,smartcast_v1,42000000000000,pad-0,gas,2027-04-01,2153.461125
strict_auto,smartcast_v1,42000000000000,pad-0,gas,2027-05-01,2115.299905
strict_auto,smartcast_v1,42000000000000,pad-0,gas,2027-06-01,2078.555404
strict_auto,smartcast_v1,42000000000000,pad-0,gas,2027-07-01,2043.149995
strict_auto,smartcast_v1,42000000000000,pad-0,gas,2027-08-01,2009.011649
strict_auto,smartcast_v1,42000000000000,pad-0,gas,2027-09-01,1976.073439
strict_auto,smartcast_v1,42000000000000,pad-0,gas,2027-10-01,1944.273098
strict_auto,smartcast_v1,42000000000000,pad-0,gas,2027-11-01,1913.552617
strict_auto,smartcast_v1,42000000000000,pad-0,gas,2027-12-01,1883.857887
strict_auto,smartcast_v1,42000000000000,pad-0,water,2026-01-01,584.99682
strict_auto,smartcast_v1,42000000000000,pad-0,water,2026-02-01,573.331807
strict_auto,smartcast_v1,42000000000000,pad-0,water,2026-03-01,562.210845
strict_auto,smartcast_v1,42000000000000,pad-0,water,2026-04-01,551.596057
strict_auto,smartcast_v1,42000000000000,pad-0,water,2026-05-01,541.453075
strict_auto,smartcast_v1,42000000000000,pad-0,water,2026-06-01,531.750636
strict_auto,smartcast_v1,42000000000000,pad-0,water,2026-07-01,522.46024
strict_auto,smartcast_v1,42000000000000,pad-0,water,2026-08-01,513.555848
strict_auto,smartcast_v1,42000000000000,pad-0,water,2026-09-01,505.013617
strict_auto,smartcast_v1,42000000000000,pad-0,water,2026-10-01,496.811675
strict_auto,smartcast_v1,42000000000000,pad-0,water,2026-11-01,488.929919
strict_auto,smartcast_v1,42000000000000,pad-0,water,2026-12-01,481.349837
strict_auto,smartcast_v1,42000000000000,pad-0,water,2027-01-01,474.054355
strict_auto,smartcast_v1,42000000000000,pad-0,water,2027-02-01,467.027694
strict_auto,smartcast_v1,42000000000000,pad-0,water,2027-03-01,460.255257
strict_auto,smartcast_v1,42000000000000,pad-0,water,2027-04-01,453.723509
strict_auto,smartcast_v1,42000000000000,pad-0,water,2027-05-01,447.419892
strict_auto,smartcast_v1,42000000000000,pad-0,water,2027-06-01,441.33273
strict_auto,smartcast_v1,42000000000000,pad-0,water,2027-07-01,435.451157
strict_auto,smartcast_v1,42000000000000,pad-0,water,2027-08-01,429.765044
strict_auto,smartcast_v1,42000000000000,pad-0,water,2027-09-01,424.26494
strict_auto,smartcast_v1,42000000000000,pad-0,water,2027-10-01,418.942017
strict_auto,smartcast_v1,42000000000000,pad-0,water,2027-11-01,413.788014
strict_auto,smartcast_v1,42000000000000,pad-0,water,2027-12-01,408.795197
strict_auto,smartcast_v1,42000000000001,pad-0,oil,2026-01-01,1693.711433
strict_auto,smartcast_v1,42000000000001,pad-0,oil,2026-02-01,1635.129858
strict_auto,smartcast_v1,42000000000001,pad-0,oil,2026-03-01,1579.906576
strict_auto,smartcast_v1,42000000000001,pad-0,oil,2026-04-01,1527.776217
strict_auto,smartcast_v1,42000000000001,pad-0,oil,2026-05-01,1478.499879
strict_auto,smartcast_v1,42000000000001,pad-0,oil,2026-06-01,1431.861963
strict_auto,smartcast_v1,42000000000001,pad-0,oil,2026-07-01,1387.667448
strict_auto,smartcast_v1,42000000000001,pad-0,oil,2026-08-01,1345.739533
strict_auto,smartcast_v1,42000000000001,pad-0,oil,2026-09-01,1305.917595
strict_auto,smartcast_v1,42000000000001,pad-0,oil,2026-10-01,1268.055413
strict_auto,smartcast_v1,42000000000001,pad-0,oil,2026-11-01,1232.019613
strict_auto,smartcast_v1,42000000000001,pad-0,oil,2026-12-01,1197.688314
strict_auto,smartcast_v1,42000000000001,pad-0,oil,2027-01-01,1164.949938
strict_auto,smartcast_v1,42000000000001,pad-0,oil,2027-02-01,1133.702162
strict_auto,smartcast_v1,42000000000001,pad-0,oil,2027-03-01,1103.850991
strict_auto,smartcast_v1,42000000000001,pad-0,oil,2027-04-01,1075.309949
strict_auto,smartcast_v1,42000000000001,pad-0,oil,2027-05-01,1047.99935
strict_auto,smartcast_v1,42000000000001,pad-0,oil,2027-06-01,1021.845655
strict_auto,smartcast_v1,42000000000001,pad-0,oil,2027-07-01,996.780907
strict_auto,smartcast_v1,42000000000001,pad-0,oil,2027-08-01,972.742213
strict_auto,smartcast_v1,42000000000001,pad-0,oil,2027-09-01,949.671295
strict_auto,smartcast_v1,42000000000001,pad-0,oil,2027-10-01,927.514078
strict_auto,smartcast_v1,42000000000001,pad-0,oil,2027-11-01,906.220327
strict_auto,smartcast_v1,42000000000001,pad-0,oil,2027-12-01,885.743317
strict_auto,smartcast_v1,42000000000001,pad-0,gas,2026-01-01,3098.729415
strict_auto,smartcast_v1,42000000000001,pad-0,gas,2026-02-01,3020.527323
strict_auto,smartcast_v1,42000000000001,pad-0,gas,2026-03-01,2946.370298
strict_auto,smartcast_v1,42000000000001,pad-0,gas,2026-04-01,2875.950659
strict_auto,smartcast_v1,42000000000001,pad-0,gas,2026-05-01,2808.99129
strict_auto,smartcast_v1,42000000000001,pad-0,gas,2026-06-01,2745.241923
strict_auto,smartcast_v1,42000000000001,pad-0,gas,2026-07-01,2684.47596
strict_auto,smartcast_v1,42000000000001,pad-0,gas,2026-08-01,2626.487731
strict_auto,smartcast_v1,42000000000001,pad-0,gas,2026-09-01,2571.090131
strict_auto,smartcast_v1,42000000000001,pad-0,gas,2026-10-01,2518.112562
strict_auto,smartcast_v1,42000000000001,pad-0,gas,2026-11-01,2467.399153
strict_auto,smartcast_v1,42000000000001,pad-0,gas,2026-12-01,2418.807197
strict_auto,smartcast_v1,42000000000001,pad-0,gas,2027-01-01,2372.205789
strict_auto,smartcast_v1,42000000000001,pad-0,gas,2027-02-01,2327.474631
strict_auto,smartcast_v1,42000000000001,pad-0,gas,2027-03-01,2284.502969
strict_auto,smartcast_v1,42000000000001,pad-0,gas,2027-04-01,2243.188672
strict_auto,smartcast_v1,42000000000001,pad-0,gas,2027-05-01,2203.437401
strict_auto,smartcast_v1,42000000000001,pad-0,gas,2027-06-01,2165.161879
strict_auto,smartcast_v1,42000000000001,pad-0,gas,2027-07-01,2128.281245
strict_auto,smartcast_v1,42000000000001,pad-0,gas,2027-08-01,2092.720467
strict_auto,smartcast_v1,42000000000001,pad-0,gas,2027-09-01,2058.409832
strict_auto,smartcast_v1,42000000000001,pad-0,gas,2027-10-01,2025.284478
strict_auto,smartcast_v1,42000000000001,pad-0,gas,2027-11-01,1993.283977
strict_auto,smartcast_v1,42000000000001,pad-0,gas,2027-12-01,1962.351965
strict_auto,smartcast_v1,42000000000001,pad-0,water,2026-01-01,609.371688
strict_auto,smartcast_v1,42000000000001,pad-0,water,2026-02-01,597.220632
strict_auto,smartcast_v1,42000000000001,pad-0,water,2026-03-01,585.636297
strict_auto,smartcast_v1,42000000000001,pad-0,water,2026-04-01,574.579226
strict_auto,smartcast_v1,42000000000001,pad-0,water,2026-05-01,564.01362
strict_auto,smartcast_v1,42000000000001,pad-0,water,2026-06-01,553.906913
strict_auto,smartcast_v1,42000000000001,pad-0,water,2026-07-01,544.229417
strict_auto,smartcast_v1,42000000000001,pad-0,water,2026-08-01,534.954008
strict_auto,smartcast_v1,42000000000001,pad-0,water,2026-09-01,526.055851
strict_auto,smartcast_v1,42000000000001,pad-0,water,2026-10-01,517.512162
strict_auto,smartcast_v1,42000000000001,pad-0,water,2026-11-01,509.301999
strict_auto,smartcast_v1,42000000000001,pad-0,water,2026-12-01,501.406081
strict_auto,smartcast_v1,42000000000001,pad-0,water,2027-01-01,493.80662
strict_auto,smartcast_v1,42000000000001,pad-0,water,2027-02-01,486.487182
strict_auto,smartcast_v1,42000000000001,pad-0,water,2027-03-01,479.432559
strict_auto,smartcast_v1,42000000000001,pad-0,water,2027-04-01,472.628655
strict_auto,smartcast_v1,42000000000001,pad-0,water,2027-05-01,466.062388
strict_auto,smartcast_v1,42000000000001,pad-0,water,2027-06-01,459.721594
strict_auto,smartcast_v1,42000000000001,pad-0,water,2027-07-01,453.594955
strict_auto,smartcast_v1,42000000000001,pad-0,water,2027-08-01,447.67192
strict_auto,smartcast_v1,42000000000001,pad-0,water,2027-09-01,441.942646
strict_auto,smartcast_v1,42000000000001,pad-0,water,2027-10-01,436.397934
strict_auto,smartcast_v1,42000000000001,pad-0,water,2027-11-01,431.029181
strict_auto,smartcast_v1,42000000000001,pad-0,water,2027-12-01,425.82833
strict_auto,smartcast_v1,42000000000002,pad-0,oil,2026-01-01,1761.459891
strict_auto,smartcast_v1,42000000000002,pad-0,oil,2026-02-01,1700.535052
strict_auto,smartcast_v1,42000000000002,pad-0,oil,2026-03-01,1643.102839
strict_auto,smartcast_v1,42000000000002,pad-0,oil,2026-04-01,1588.887265
strict_auto,smartcast_v1,42000000000002,pad-0,oil,2026-05-01,1537.639874
strict_auto,smartcast_v1,42000000000002,pad-0,oil,2026-06-01,1489.136442
strict_auto,smartcast_v1,42000000000002,pad-0,oil,2026-07-01,1443.174146
strict_auto,smartcast_v1,42000000000002,pad-0,oil,2026-08-01,1399.569114
strict_auto,smartcast_v1,42000000000002,pad-0,oil,2026-09-01,1358.154299
strict_auto,smartcast_v1,42000000000002,pad-0,oil,2026-10-01,1318.77763
strict_auto,smartcast_v1,42000000000002,pad-0,oil,2026-11-01,1281.300397
strict_auto,smartcast_v1,42000000000002,pad-0,oil,2026-12-01,1245.595847
strict_auto,smartcast_v1,42000000000002,pad-0,oil,2027-01-01,1211.547936
strict_auto,smartcast_v1,42000000000002,pad-0,oil,2027-02-01,1179.050248
strict_auto,smartcast_v1,42000000000002,pad-0,oil,2027-03-01,1148.005031
strict_auto,smartcast_v1,42000000000002,pad-0,oil,2027-04-01,1118.322347
strict_auto,smartcast_v1,42000000000002,pad-0,oil,2027-05-01,1089.919324
strict_auto,smartcast_v1,42000000000002,pad-0,oil,2027-06-01,1062.719481
strict_auto,smartcast_v1,42000000000002,pad-0,oil,2027-07-01,1036.652143
strict_auto,smartcast_v1,42000000000002,pad-0,oil,2027-08-01,1011.651901
strict_auto,smartcast_v1,42000000000002,pad-0,oil,2027-09-01,987.658147
strict_auto,smartcast_v1,42000000000002,pad-0,oil,2027-10-01,964.614641
strict_auto,smartcast_v1,42000000000002,pad-0,oil,2027-11-01,942.469141
strict_auto,smartcast_v1,42000000000002,pad-0,oil,2027-12-01,921.17305
strict_auto,smartcast_v1,42000000000002,pad-0,gas,2026-01-01,3222.678591
strict_auto,smartcast_v1,42000000000002,pad-0,gas,2026-02-01,3141.348416
strict_auto,smartcast_v1,42000000000002,pad-0,gas,2026-03-01,3064.22511
strict_auto,smartcast_v1,42000000000002,pad-0,gas,2026-04-01,2990.988685
strict_auto,smartcast_v1,42000000000002,pad-0,gas,2026-05-01,2921.350941
strict_auto,smartcast_v1,42000000000002,pad-0,gas,2026-06-01,2855.0516
strict_auto,smartcast_v1,42000000000002,pad-0,gas,2026-07-01,2791.854998
strict_auto,smartcast_v1,42000000000002,pad-0,gas,2026-08-01,2731.547241
strict_auto,smartcast_v1,42000000000002,pad-0,gas,2026-09-01,2673.933736
strict_auto,smartcast_v1,42000000000002,pad-0,gas,2026-10-01,2618.837065
strict_auto,smartcast_v1,42000000000002,pad-0,gas,2026-11-01,2566.095119
strict_auto,smartcast_v1,42000000000002,pad-0,gas,2026-12-01,2515.559485
strict_auto,smartcast_v1,42000000000002,pad-0,gas,2027-01-01,2467.094021
strict_auto,smartcast_v1,42000000000002,pad-0,gas,2027-02-01,2420.573616
strict_auto,smartcast_v1,42000000000002,pad-0,gas,2027-03-01,2375.883088
strict_auto,smartcast_v1,42000000000002,pad-0,gas,2027-04-01,2332.916219
strict_auto,smartcast_v1,42000000000002,pad-0,gas,2027-05-01,2291.574897
strict_auto,smartcast_v1,42000000000002,pad-0,gas,2027-06-01,2251.768355
strict_auto,smartcast_v1,42000000000002,pad-0,gas,2027-07-01,2213.412495
strict_auto,smartcast_v1,42000000000002,pad-0,gas,2027-08-01,2176.429286
strict_auto,smartcast_v1,42000000000002,pad-0,gas,2027-09-01,2140.746226
strict_auto,smartcast_v1,42000000000002,pad-0,gas,2027-10-01,2106.295857
strict_auto,smartcast_v1,42000000000002,pad-0,gas,2027-11-01,2073.015336
strict_auto,smartcast_v1,42000000000002,pad-0,gas,2027-12-01,2040.846044
strict_auto,smartcast_v1,42000000000002,pad-0,water,2026-01-01,633.746555
strict_auto,smartcast_v1,42000000000002,pad-0,water,2026-02-01,621.109458
strict_auto,smartcast_v1,42000000000002,pad-0,water,2026-03-01,609.061749
strict_auto,smartcast_v1,42000000000002,pad-0,water,2026-04-01,597.562395
strict_auto,smartcast_v1,42000000000002,pad-0,water,2026-05-01,586.574164
strict_auto,smartcast_v1,42000000000002,pad-0,water,2026-06-01,576.063189
strict_auto,smartcast_v1,42000000000002,pad-0,water,2026-07-01,565.998594
strict_auto,smartcast_v1,42000000000002,pad-0,water,2026-08-01,556.352169
strict_auto,smartcast_v1,42000000000002,pad-0,water,2026-09-01,547.098085
strict_auto,smartcast_v1,42000000000002,pad-0,water,2026-10-01,538.212648
strict_auto,smartcast_v1,42000000000002,pad-0,water,2026-11-01,529.674079
strict_auto,smartcast_v1,42000000000002,pad-0,water,2026-12-01,521.462324
strict_auto,smartcast_v1,42000000000002,pad-0,water,2027-01-01,513.558884
strict_auto,smartcast_v1,42000000000002,pad-0,water,2027-02-01,505.946669
strict_auto,smartcast_v1,42000000000002,pad-0,water,2027-03-01,498.609861
strict_auto,smartcast_v1,42000000000002,pad-0,water,2027-04-01,491.533801
strict_auto,smartcast_v1,42000000000002,pad-0,water,2027-05-01,484.704883
strict_auto,smartcast_v1,42000000000002,pad-0,water,2027-06-01,478.110457
strict_auto,smartcast_v1,42000000000002,pad-0,water,2027-07-01,471.738753
strict_auto,smartcast_v1,42000000000002,pad-0,water,2027-08-01,465.578797
strict_auto,smartcast_v1,42000000000002,pad-0,water,2027-09-01,459.620352
strict_auto,smartcast_v1,42000000000002,pad-0,water,2027-10-01,453.853852
strict_auto,smartcast_v1,42000000000002,pad-0,water,2027-11-01,448.270348
strict_auto,smartcast_v1,42000000000002,pad-0,water,2027-12-01,442.861463
strict_auto,smartcast_v1,42000000000003,pad-0,oil,2026-01-01,1825.475678
strict_auto,smartcast_v1,42000000000003,pad-0,oil,2026-02-01,1761.837021
strict_auto,smartcast_v1,42000000000003,pad-0,oil,2026-03-01,1701.882539
strict_auto,smartcast_v1,42000000000003,pad-0,oil,2026-04-01,1645.317671
strict_auto,smartcast_v1,42000000000003,pad-0,oil,2026-05-01,1591.877664
strict_auto,smartcast_v1,42000000000003,pad-0,oil,2026-06-01,1541.323948
strict_auto,smartcast_v1,42000000000003,pad-0,oil,2026-07-01,1493.441018
strict_auto,smartcast_v1,42000000000003,pad-0,oil,2026-08-01,1448.033755
strict_auto,smartcast_v1,42000000000003,pad-0,oil,2026-09-01,1404.925102
strict_auto,smartcast_v1,42000000000003,pad-0,oil,2026-10-01,1363.954052
strict_auto,smartcast_v1,42000000000003,pad-0,oil,2026-11-01,1324.973894
strict_auto,smartcast_v1,42000000000003,pad-0,oil,2026-12-01,1287.850689
strict_auto,smartcast_v1,42000000000003,pad-0,oil,2027-01-01,1252.461925
strict_auto,smartcast_v1,42000000000003,pad-0,oil,2027-02-01,1218.695346
strict_auto,smartcast_v1,42000000000003,pad-0,oil,2027-03-01,1186.447916
strict_auto,smartcast_v1,42000000000003,pad-0,oil,2027-04-01,1155.624906
strict_auto,smartcast_v1,42000000000003,pad-0,oil,2027-05-01,1126.139086
strict_auto,smartcast_v1,42000000000003,pad-0,oil,2027-06-01,1097.91001
strict_auto,smartcast_v1,42000000000003,pad-0,oil,2027-07-01,1070.86338
strict_auto,smartcast_v1,42000000000003,pad-0,oil,2027-08-01,1044.930477
strict_auto,smartcast_v1,42000000000003,pad-0,oil,2027-09-01,1020.047658
strict_auto,smartcast_v1,42000000000003,pad-0,oil,2027-10-01,996.155901
strict_auto,smartcast_v1,42000000000003,pad-0,oil,2027-11-01,973.200403
strict_auto,smartcast_v1,42000000000003,pad-0,oil,2027-12-01,951.130213
strict_auto,smartcast_v1,42000000000003,pad-0,gas,2026-01-01,3341.668277
strict_auto,smartcast_v1,42000000000003,pad-0,gas,2026-02-01,3257.031204
strict_auto,smartcast_v1,42000000000003,pad-0,gas,2026-03-01,3176.855135
strict_auto,smartcast_v1,42000000000003,pad-0,gas,2026-04-01,3100.792643
strict_auto,smartcast_v1,42000000000003,pad-0,gas,2026-05-01,3028.531728
strict_auto,smartcast_v1,42000000000003,pad-0,gas,2026-06-01,2959.791389
strict_auto,smartcast_v1,42000000000003,pad-0,gas,2026-07-01,2894.317853
strict_auto,smartcast_v1,42000000000003,pad-0,gas,2026-08-01,2831.881342
strict_auto,smartcast_v1,42000000000003,pad-0,gas,2026-09-01,2772.273289
strict_auto,smartcast_v1,42000000000003,pad-0,gas,2026-10-01,2715.303935
strict_auto,smartcast_v1,42000000000003,pad-0,gas,2026-11-01,2660.800249
strict_auto,smartcast_v1,42000000000003,pad-0,gas,2026-12-01,2608.604116
strict_auto,smartcast_v1,42000000000003,pad-0,gas,2027-01-01,2558.570755
strict_auto,smartcast_v1,42000000000003,pad-0,gas,2027-02-01,2510.567343
strict_auto,smartcast_v1,42000000000003,pad-0,gas,2027-03-01,2464.471791
strict_auto,smartcast_v1,42000000000003,pad-0,gas,2027-04-01,2420.171686
strict_auto,smartcast_v1,42000000000003,pad-0,gas,2027-05-01,2377.563343
strict_auto,smartcast_v1,42000000000003,pad-0,gas,2027-06-01,2336.55097
strict_auto,smartcast_v1,42000000000003,pad-0,gas,2027-07-01,2297.04593
strict_auto,smartcast_v1,42000000000003,pad-0,gas,2027-08-01,2258.966082
strict_auto,smartcast_v1,42000000000003,pad-0,gas,2027-09-01,2222.235195
strict_auto,smartcast_v1,42000000000003,pad-0,gas,2027-10-01,2186.782421
strict_auto,smartcast_v1,42000000000003,pad-0,gas,2027-11-01,2152.541832
strict_auto,smartcast_v1,42000000000003,pad-0,gas,2027-12-01,2119.451991
strict_auto,smartcast_v1,42000000000003,pad-0,water,2026-01-01,657.927662
strict_auto,smartcast_v1,42000000000003,pad-0,water,2026-02-01,644.698434
strict_auto,smartcast_v1,42000000000003,pad-0,water,2026-03-01,632.084449
strict_auto,smartcast_v1,42000000000003,pad-0,water,2026-04-01,620.043047
strict_auto,smartcast_v1,42000000000003,pad-0,water,2026-05-01,608.535502
strict_auto,smartcast_v1,42000000000003,pad-0,water,2026-06-01,597.526582
strict_auto,smartcast_v1,42000000000003,pad-0,water,2026-07-01,586.984155
strict_auto,smartcast_v1,42000000000003,pad-0,water,2026-08-01,576.878856
strict_auto,smartcast_v1,42000000000003,pad-0,water,2026-09-01,567.183788
strict_auto,smartcast_v1,42000000000003,pad-0,water,2026-10-01,557.874271
strict_auto,smartcast_v1,42000000000003,pad-0,water,2026-11-01,548.927612
strict_auto,smartcast_v1,42000000000003,pad-0,water,2026-12-01,540.322911
strict_auto,smartcast_v1,42000000000003,pad-0,water,2027-01-01,532.04088
strict_auto,smartcast_v1,42000000000003,pad-0,water,2027-02-01,524.063698
strict_auto,smartcast_v1,42000000000003,pad-0,water,2027-03-01,516.374865
strict_auto,smartcast_v1,42000000000003,pad-0,water,2027-04-01,508.959085
strict_auto,smartcast_v1,42000000000003,pad-0,water,2027-05-01,501.802156
strict_auto,smartcast_v1,42000000000003,pad-0,water,2027-06-01,494.890875
strict_auto,smartcast_v1,42000000000003,pad-0,water,2027-07-01,488.212948
strict_auto,smartcast_v1,42000000000003,pad-0,water,2027-08-01,481.756916
strict_auto,smartcast_v1,42000000000003,pad-0,water,2027-09-01,475.512082
strict_auto,smartcast_v1,42000000000003,pad-0,water,2027-10-01,469.468451
strict_auto,smartcast_v1,42000000000003,pad-0,water,2027-11-01,463.61667
strict_auto,smartcast_v1,42000000000003,pad-0,water,2027-12-01,457.94798
strict_auto,smartcast_v1,42000000000004,pad-1,oil,2026-01-01,1896.956805
strict_auto,smartcast_v1,42000000000004,pad-1,oil,2026-02-01,1831.345441
strict_auto,smartcast_v1,42000000000004,pad-1,oil,2026-03-01,1769.495364
strict_auto,smartcast_v1,42000000000004,pad-1,oil,2026-04-01,1711.109362
strict_auto,smartcast_v1,42000000000004,pad-1,oil,2026-05-01,1655.919864
strict_auto,smartcast_v1,42000000000004,pad-1,oil,2026-06-01,1603.685399
strict_auto,smartcast_v1,42000000000004,pad-1,oil,2026-07-01,1554.187542
strict_auto,smartcast_v1,42000000000004,pad-1,oil,2026-08-01,1507.228277
strict_auto,smartcast_v1,42000000000004,pad-1,oil,2026-09-01,1462.627707
strict_auto,smartcast_v1,42000000000004,pad-1,oil,2026-10-01,1420.222062
strict_auto,smartcast_v1,42000000000004,pad-1,oil,2026-11-01,1379.861966
strict_auto,smartcast_v1,42000000000004,pad-1,oil,2026-12-01,1341.410912
strict_auto,smartcast_v1,42000000000004,pad-1,oil,2027-01-01,1304.743931
strict_auto,smartcast_v1,42000000000004,pad-1,oil,2027-02-01,1269.746421
strict_auto,smartcast_v1,42000000000004,pad-1,oil,2027-03-01,1236.31311
strict_auto,smartcast_v1,42000000000004,pad-1,oil,2027-04-01,1204.347143
strict_auto,smartcast_v1,42000000000004,pad-1,oil,2027-05-01,1173.759271
strict_auto,smartcast_v1,42000000000004,pad-1,oil,2027-06-01,1144.467134
strict_auto,smartcast_v1,42000000000004,pad-1,oil,2027-07-01,1116.394615
strict_auto,smartcast_v1,42000000000004,pad-1,oil,2027-08-01,1089.471278
strict_auto,smartcast_v1,42000000000004,pad-1,oil,2027-09-01,1063.63185
strict_auto,smartcast_v1,42000000000004,pad-1,oil,2027-10-01,1038.815768
strict_auto,smartcast_v1,42000000000004,pad-1,oil,2027-11-01,1014.966767
strict_auto,smartcast_v1,42000000000004,pad-1,oil,2027-12-01,992.032515
strict_auto,smartcast_v1,42000000000004,pad-1,gas,2026-01-01,3470.576945
strict_auto,smartcast_v1,42000000000004,pad-1,gas,2026-02-01,3382.990602
strict_auto,smartcast_v1,42000000000004,pad-1,gas,2026-03-01,3299.934733
strict_auto,smartcast_v1,42000000000004,pad-1,gas,2026-04-01,3221.064738
strict_auto,smartcast_v1,42000000000004,pad-1,gas,2026-05-01,3146.070244
strict_auto,smartcast_v1,42000000000004,pad-1,gas,2026-06-01,3074.670953
strict_auto,smartcast_v1,42000000000004,pad-1,gas,2026-07-01,3006.613075
strict_auto,smartcast_v1,42000000000004,pad-1,gas,2026-08-01,2941.666259
strict_auto,smartcast_v1,42000000000004,pad-1,gas,2026-09-01,2879.620947
strict_auto,smartcast_v1,42000000000004,pad-1,gas,2026-10-01,2820.28607
strict_auto,smartcast_v1,42000000000004,pad-1,gas,2026-11-01,2763.487051
strict_auto,smartcast_v1,42000000000004,pad-1,gas,2026-12-01,2709.06406
strict_auto,smartcast_v1,42000000000004,pad-1,gas,2027-01-01,2656.870484
strict_auto,smartcast_v1,42000000000004,pad-1,gas,2027-02-01,2606.771586
strict_auto,smartcast_v1,42000000000004,pad-1,gas,2027-03-01,2558.643326
strict_auto,smartcast_v1,42000000000004,pad-1,gas,2027-04-01,2512.371313
strict_auto,smartcast_v1,42000000000004,pad-1,gas,2027-05-01,2467.849889
strict_auto,smartcast_v1,42000000000004,pad-1,gas,2027-06-01,2424.981305
strict_auto,smartcast_v1,42000000000004,pad-1,gas,2027-07-01,2383.674994
strict_auto,smartcast_v1,42000000000004,pad-1,gas,2027-08-01,2343.846923
strict_auto,smartcast_v1,42000000000004,pad-1,gas,2027-09-01,2305.419012
strict_auto,smartcast_v1,42000000000004,pad-1,gas,2027-10-01,2268.318615
strict_auto,smartcast_v1,42000000000004,pad-1,gas,2027-11-01,2232.478054
strict_auto,smartcast_v1,42000000000004,pad-1,gas,2027-12-01,2197.834201
strict_auto,smartcast_v1,42000000000004,pad-1,water,2026-01-01,682.49629
strict_auto,smartcast_v1,42000000000004,pad-1,water,2026-02-01,668.887108
strict_auto,smartcast_v1,42000000000004,pad-1,water,2026-03-01,655.912652
strict_auto,smartcast_v1,42000000000004,pad-1,water,2026-04-01,643.528733
strict_auto,smartcast_v1,42000000000004,pad-1,water,2026-05-01,631.695254
strict_auto,smartcast_v1,42000000000004,pad-1,water,2026-06-01,620.375742
strict_auto,smartcast_v1,42000000000004,pad-1,water,2026-07-01,609.536947
strict_auto,smartcast_v1,42000000000004,pad-1,water,2026-08-01,599.148489
strict_auto,smartcast_v1,42000000000004,pad-1,water,2026-09-01,589.182553
strict_auto,smartcast_v1,42000000000004,pad-1,water,2026-10-01,579.613621
strict_auto,smartcast_v1,42000000000004,pad-1,water,2026-11-01,570.418239
strict_auto,smartcast_v1,42000000000004,pad-1,water,2026-12-01,561.57481
strict_auto,smartcast_v1,42000000000004,pad-1,water,2027-01-01,553.063414
strict_auto,smartcast_v1,42000000000004,pad-1,water,2027-02-01,544.865644
strict_auto,smartcast_v1,42000000000004,pad-1,water,2027-03-01,536.964466
strict_auto,smartcast_v1,42000000000004,pad-1,water,2027-04-01,529.344094
strict_auto,smartcast_v1,42000000000004,pad-1,water,2027-05-01,521.989874
strict_auto,smartcast_v1,42000000000004,pad-1,water,2027-06-01,514.888185
strict_auto,smartcast_v1,42000000000004,pad-1,water,2027-07-01,508.026349
strict_auto,smartcast_v1,42000000000004,pad-1,water,2027-08-01,501.392551
strict_auto,smartcast_v1,42000000000004,pad-1,water,2027-09-01,494.975764
strict_auto,smartcast_v1,42000000000004,pad-1,water,2027-10-01,488.765687
strict_auto,smartcast_v1,42000000000004,pad-1,water,2027-11-01,482.752683
strict_auto,smartcast_v1,42000000000004,pad-1,water,2027-12-01,476.927729
strict_auto,smartcast_v1,42000000000005,pad-1,oil,2026-01-01,1894.066378
strict_auto,smartcast_v1,42000000000005,pad-1,oil,2026-02-01,1828.515277
strict_auto,smartcast_v1,42000000000005,pad-1,oil,2026-03-01,1766.724266
strict_auto,smartcast_v1,42000000000005,pad-1,oil,2026-04-01,1708.396057
strict_auto,smartcast_v1,42000000000005,pad-1,oil,2026-05-01,1653.26303
strict_auto,smartcast_v1,42000000000005,pad-1,oil,2026-06-01,1601.08368
strict_auto,smartcast_v1,42000000000005,pad-1,oil,2026-07-01,1551.639567
strict_auto,smartcast_v1,42000000000005,pad-1,oil,2026-08-01,1504.732669
strict_auto,smartcast_v1,42000000000005,pad-1,oil,2026-09-01,1460.183092
strict_auto,smartcast_v1,42000000000005,pad-1,oil,2026-10-01,1417.827078
strict_auto,smartcast_v1,42000000000005,pad-1,oil,2026-11-01,1377.515269
strict_auto,smartcast_v1,42000000000005,pad-1,oil,2026-12-01,1339.111178
strict_auto,smartcast_v1,42000000000005,pad-1,oil,2027-01-01,1302.489865
strict_auto,smartcast_v1,42000000000005,pad-1,oil,2027-02-01,1267.536753
strict_auto,smartcast_v1,42000000000005,pad-1,oil,2027-03-01,1234.146603
strict_auto,smartcast_v1,42000000000005,pad-1,oil,2027-04-01,1202.222589
strict_auto,smartcast_v1,42000000000005,pad-1,oil,2027-05-01,1171.675497
strict_auto,smartcast_v1,42000000000005,pad-1,oil,2027-06-01,1142.422997
strict_auto,smartcast_v1,42000000000005,pad-1,oil,2027-07-01,1114.389008
strict_auto,smartcast_v1,42000000000005,pad-1,oil,2027-08-01,1087.503126
strict_auto,smartcast_v1,42000000000005,pad-1,oil,2027-09-01,1061.700111
strict_auto,smartcast_v1,42000000000005,pad-1,oil,2027-10-01,1036.919432
strict_auto,smartcast_v1,42000000000005,pad-1,oil,2027-11-01,1013.104857
strict_auto,smartcast_v1,42000000000005,pad-1,oil,2027-12-01,990.204085
strict_auto,smartcast_v1,42000000000005,pad-1,gas,2026-01-01,3461.532153
strict_auto,smartcast_v1,42000000000005,pad-1,gas,2026-02-01,3373.113091
strict_auto,smartcast_v1,42000000000005,pad-1,gas,2026-03-01,3289.257622
strict_auto,smartcast_v1,42000000000005,pad-1,gas,2026-04-01,3209.620806
strict_auto,smartcast_v1,42000000000005,pad-1,gas,2026-05-01,3133.891688
strict_auto,smartcast_v1,42000000000005,pad-1,gas,2026-06-01,3061.789205
strict_auto,smartcast_v1,42000000000005,pad-1,gas,2026-07-01,2993.058677
strict_auto,smartcast_v1,42000000000005,pad-1,gas,2026-08-01,2927.468781
strict_auto,smartcast_v1,42000000000005,pad-1,gas,2026-09-01,2864.808929
strict_auto,smartcast_v1,42000000000005,pad-1,gas,2026-10-01,2804.886994
strict_auto,smartcast_v1,42000000000005,pad-1,gas,2026-11-01,2747.527329
strict_auto,smartcast_v1,42000000000005,pad-1,gas,2026-12-01,2692.569035
strict_auto,smartcast_v1,42000000000005,pad-1,gas,2027-01-01,2639.864444
strict_auto,smartcast_v1,42000000000005,pad-1,gas,2027-02-01,2589.277787
strict_auto,smartcast_v1,42000000000005,pad-1,gas,2027-03-01,2540.684012
strict_auto,smartcast_v1,42000000000005,pad-1,gas,2027-04-01,2493.967755
strict_auto,smartcast_v1,42000000000005,pad-1,gas,2027-05-01,2449.02241
strict_auto,smartcast_v1,42000000000005,pad-1,gas,2027-06-01,2405.749319
strict_auto,smartcast_v1,42000000000005,pad-1,gas,2027-07-01,2364.057041
strict_auto,smartcast_v1,42000000000005,pad-1,gas,2027-08-01,2323.860704
strict_auto,smartcast_v1,42000000000005,pad-1,gas,2027-09-01,2285.081427
strict_auto,smartcast_v1,42000000000005,pad-1,gas,2027-10-01,2247.645794
strict_auto,smartcast_v1,42000000000005,pad-1,gas,2027-11-01,2211.485398
strict_auto,smartcast_v1,42000000000005,pad-1,gas,2027-12-01,2176.536411
strict_auto,smartcast_v1,42000000000005,pad-1,water,2026-01-01,681.963548
strict_auto,smartcast_v1,42000000000005,pad-1,water,2026-02-01,668.36448
strict_auto,smartcast_v1,42000000000005,pad-1,water,2026-03-01,655.399656
strict_auto,smartcast_v1,42000000000005,pad-1,water,2026-04-01,643.024919
strict_auto,smartcast_v1,42000000000005,pad-1,water,2026-05-01,631.200202
strict_auto,smartcast_v1,42000000000005,pad-1,water,2026-06-01,619.889061
strict_auto,smartcast_v1,42000000000005,pad-1,water,2026-07-01,609.05827
strict_auto,smartcast_v1,42000000000005,pad-1,water,2026-08-01,598.677471
strict_auto,smartcast_v1,42000000000005,pad-1,water,2026-09-01,588.71887
strict_auto,smartcast_v1,42000000000005,pad-1,water,2026-10-01,579.156968
strict_auto,smartcast_v1,42000000000005,pad-1,water,2026-11-01,569.96833
strict_auto,smartcast_v1,42000000000005,pad-1,water,2026-12-01,561.131374
strict_auto,smartcast_v1,42000000000005,pad-1,water,2027-01-01,552.626195
strict_auto,smartcast_v1,42000000000005,pad-1,water,2027-02-01,544.434401
strict_auto,smartcast_v1,42000000000005,pad-1,water,2027-03-01,536.53897
strict_auto,smartcast_v1,42000000000005,pad-1,water,2027-04-01,528.924127
strict_auto,smartcast_v1,42000000000005,pad-1,water,2027-05-01,521.575231
strict_auto,smartcast_v1,42000000000005,pad-1,water,2027-06-01,514.478669
strict_auto,smartcast_v1,42000000000005,pad-1,water,2027-07-01,507.621775
strict_auto,smartcast_v1,42000000000005,pad-1,water,2027-08-01,500.992741
strict_auto,smartcast_v1,42000000000005,pad-1,water,2027-09-01,494.580549
strict_auto,smartcast_v1,42000000000005,pad-1,water,2027-10-01,488.374906
strict_auto,smartcast_v1,42000000000005,pad-1,water,2027-11-01,482.366182
strict_auto,smartcast_v1,42000000000005,pad-1,water,2027-12-01,476.545361
strict_auto,smartcast_v1,42000000000006,pad-1,oil,2026-01-01,2032.45372
strict_auto,smartcast_v1,42000000000006,pad-1,oil,2026-02-01,1962.15583
strict_auto,smartcast_v1,42000000000006,pad-1,oil,2026-03-01,1895.887891
strict_auto,smartcast_v1,42000000000006,pad-1,oil,2026-04-01,1833.33146
strict_auto,smartcast_v1,42000000000006,pad-1,oil,2026-05-01,1774.199855
strict_auto,smartcast_v1,42000000000006,pad-1,oil,2026-06-01,1718.234356
strict_auto,smartcast_v1,42000000000006,pad-1,oil,2026-07-01,1665.200938
strict_auto,smartcast_v1,42000000000006,pad-1,oil,2026-08-01,1614.887439
strict_auto,smartcast_v1,42000000000006,pad-1,oil,2026-09-01,1567.101114
strict_auto,smartcast_v1,42000000000006,pad-1,oil,2026-10-01,1521.666496
strict_auto,smartcast_v1,42000000000006,pad-1,oil,2026-11-01,1478.423535
strict_auto,smartcast_v1,42000000000006,pad-1,oil,2026-12-01,1437.225977
strict_auto,smartcast_v1,42000000000006,pad-1,oil,2027-01-01,1397.939926
strict_auto,smartcast_v1,42000000000006,pad-1,oil,2027-02-01,1360.442594
strict_auto,smartcast_v1,42000000000006,pad-1,oil,2027-03-01,1324.62119
strict_auto,smartcast_v1,42000000000006,pad-1,oil,2027-04-01,1290.371939
strict_auto,smartcast_v1,42000000000006,pad-1,oil,2027-05-01,1257.599219
strict_auto,smartcast_v1,42000000000006,pad-1,oil,2027-06-01,1226.214786
strict_auto,smartcast_v1,42000000000006,pad-1,oil,2027-07-01,1196.137088
strict_auto,smartcast_v1,42000000000006,pad-1,oil,2027-08-01,1167.290656
strict_auto,smartcast_v1,42000000000006,pad-1,oil,2027-09-01,1139.605554
strict_auto,smartcast_v1,42000000000006,pad-1,oil,2027-10-01,1113.016894
strict_auto,smartcast_v1,42000000000006,pad-1,oil,2027-11-01,1087.464393
strict_auto,smartcast_v1,42000000000006,pad-1,oil,2027-12-01,1062.89198
strict_auto,smartcast_v1,42000000000006,pad-1,gas,2026-01-01,3718.475298
strict_auto,smartcast_v1,42000000000006,pad-1,gas,2026-02-01,3624.632788
strict_auto,smartcast_v1,42000000000006,pad-1,gas,2026-03-01,3535.644357
strict_auto,smartcast_v1,42000000000006,pad-1,gas,2026-04-01,3451.140791
strict_auto,smartcast_v1,42000000000006,pad-1,gas,2026-05-01,3370.789548
strict_auto,smartcast_v1,42000000000006,pad-1,gas,2026-06-01,3294.290307
strict_auto,smartcast_v1,42000000000006,pad-1,gas,2026-07-01,3221.371152
strict_auto,smartcast_v1,42000000000006,pad-1,gas,2026-08-01,3151.785278
strict_auto,smartcast_v1,42000000000006,pad-1,gas,2026-09-01,3085.308157
strict_auto,smartcast_v1,42000000000006,pad-1,gas,2026-10-01,3021.735075
strict_auto,smartcast_v1,42000000000006,pad-1,gas,2026-11-01,2960.878984
strict_auto,smartcast_v1,42000000000006,pad-1,gas,2026-12-01,2902.568636
strict_auto,smartcast_v1,42000000000006,pad-1,gas,2027-01-01,2846.646947
strict_auto,smartcast_v1,42000000000006,pad-1,gas,2027-02-01,2792.969557
strict_auto,smartcast_v1,42000000000006,pad-1,gas,2027-03-01,2741.403563
strict_auto,smartcast_v1,42000000000006,pad-1,gas,2027-04-01,2691.826407
strict_auto,smartcast_v1,42000000000006,pad-1,gas,2027-05-01,2644.124881
strict_auto,smartcast_v1,42000000000006,pad-1,gas,2027-06-01,2598.194255
strict_auto,smartcast_v1,42000000000006,pad-1,gas,2027-07-01,2553.937494
strict_auto,smartcast_v1,42000000000006,pad-1,gas,2027-08-01,2511.264561
strict_auto,smartcast_v1,42000000000006,pad-1,gas,2027-09-01,2470.091799
strict_auto,smartcast_v1,42000000000006,pad-1,gas,2027-10-01,2430.341373
strict_auto,smartcast_v1,42000000000006,pad-1,gas,2027-11-01,2391.940772
strict_auto,smartcast_v1,42000000000006,pad-1,gas,2027-12-01,2354.822359
strict_auto,smartcast_v1,42000000000006,pad-1,water,2026-01-01,731.246025
strict_auto,smartcast_v1,42000000000006,pad-1,water,2026-02-01,716.664759
strict_auto,smartcast_v1,42000000000006,pad-1,water,2026-03-01,702.763556
strict_auto,smartcast_v1,42000000000006,pad-1,water,2026-04-01,689.495071
strict_auto,smartcast_v1,42000000000006,pad-1,water,2026-05-01,676.816343
strict_auto,smartcast_v1,42000000000006,pad-1,water,2026-06-01,664.688295
strict_auto,smartcast_v1,42000000000006,pad-1,water,2026-07-01,653.075301
strict_auto,smartcast_v1,42000000000006,pad-1,water,2026-08-01,641.94481
strict_auto,smartcast_v1,42000000000006,pad-1,water,2026-09-01,631.267021
strict_auto,smartcast_v1,42000000000006,pad-1,water,2026-10-01,621.014594
strict_auto,smartcast_v1,42000000000006,pad-1,water,2026-11-01,611.162399
strict_auto,smartcast_v1,42000000000006,pad-1,water,2026-12-01,601.687297
strict_auto,smartcast_v1,42000000000006,pad-1,water,2027-01-01,592.567943
strict_auto,smartcast_v1,42000000000006,pad-1,water,2027-02-01,583.784618
strict_auto,smartcast_v1,42000000000006,pad-1,water,2027-03-01,575.319071
strict_auto,smartcast_v1,42000000000006,pad-1,water,2027-04-01,567.154386
strict_auto,smartcast_v1,42000000000006,pad-1,water,2027-05-01,559.274865
strict_auto,smartcast_v1,42000000000006,pad-1,water,2027-06-01,551.665912
strict_auto,smartcast_v1,42000000000006,pad-1,water,2027-07-01,544.313946
strict_auto,smartcast_v1,42000000000006,pad-1,water,2027-08-01,537.206304
strict_auto,smartcast_v1,42000000000006,pad-1,water,2027-09-01,530.331175
strict_auto,smartcast_v1,42000000000006,pad-1,water,2027-10-01,523.677521
strict_auto,smartcast_v1,42000000000006,pad-1,water,2027-11-01,517.235017
strict_auto,smartcast_v1,42000000000006,pad-1,water,2027-12-01,510.993996
strict_auto,smartcast_v1,42000000000007,pad-1,oil,2026-01-01,2100.202177
strict_auto,smartcast_v1,42000000000007,pad-1,oil,2026-02-01,2027.561024
strict_auto,smartcast_v1,42000000000007,pad-1,oil,2026-03-01,1959.084154
strict_auto,smartcast_v1,42000000000007,pad-1,oil,2026-04-01,1894.442508
strict_auto,smartcast_v1,42000000000007,pad-1,oil,2026-05-01,1833.33985
strict_auto,smartcast_v1,42000000000007,pad-1,oil,2026-06-01,1775.508834
strict_auto,smartcast_v1,42000000000007,pad-1,oil,2026-07-01,1720.707635
strict_auto,smartcast_v1,42000000000007,pad-1,oil,2026-08-01,1668.717021
strict_auto,smartcast_v1,42000000000007,pad-1,oil,2026-09-01,1619.337818
strict_auto,smartcast_v1,42000000000007,pad-1,oil,2026-10-01,1572.388712
strict_auto,smartcast_v1,42000000000007,pad-1,oil,2026-11-01,1527.70432
strict_auto,smartcast_v1,42000000000007,pad-1,oil,2026-12-01,1485.13351
strict_auto,smartcast_v1,42000000000007,pad-1,oil,2027-01-01,1444.537924
strict_auto,smartcast_v1,42000000000007,pad-1,oil,2027-02-01,1405.79068
strict_auto,smartcast_v1,42000000000007,pad-1,oil,2027-03-01,1368.775229
strict_auto,smartcast_v1,42000000000007,pad-1,oil,2027-04-01,1333.384337
strict_auto,smartcast_v1,42000000000007,pad-1,oil,2027-05-01,1299.519193
strict_auto,smartcast_v1,42000000000007,pad-1,oil,2027-06-01,1267.088612
strict_auto,smartcast_v1,42000000000007,pad-1,oil,2027-07-01,1236.008324
strict_auto,smartcast_v1,42000000000007,pad-1,oil,2027-08-01,1206.200344
strict_auto,smartcast_v1,42000000000007,pad-1,oil,2027-09-01,1177.592406
strict_auto,smartcast_v1,42000000000007,pad-1,oil,2027-10-01,1150.117457
strict_auto,smartcast_v1,42000000000007,pad-1,oil,2027-11-01,1123.713206
strict_auto,smartcast_v1,42000000000007,pad-1,oil,2027-12-01,1098.321713
strict_auto,smartcast_v1,42000000000007,pad-1,gas,2026-01-01,3842.424474
strict_auto,smartcast_v1,42000000000007,pad-1,gas,2026-02-01,3745.453881
strict_auto,smartcast_v1,42000000000007,pad-1,gas,2026-03-01,3653.499169
strict_auto,smartcast_v1,42000000000007,pad-1,gas,2026-04-01,3566.178817
strict_auto,smartcast_v1,42000000000007,pad-1,gas,2026-05-01,3483.149199
strict_auto,smartcast_v1,42000000000007,pad-1,gas,2026-06-01,3404.099984
strict_auto,smartcast_v1,42000000000007,pad-1,gas,2026-07-01,3328.75019
strict_auto,smartcast_v1,42000000000007,pad-1,gas,2026-08-01,3256.844787
strict_auto,smartcast_v1,42000000000007,pad-1,gas,2026-09-01,3188.151763
strict_auto,smartcast_v1,42000000000007,pad-1,gas,2026-10-01,3122.459577
strict_auto,smartcast_v1,42000000000007,pad-1,gas,2026-11-01,3059.57495
strict_auto,smartcast_v1,42000000000007,pad-1,gas,2026-12-01,2999.320924
strict_auto,smartcast_v1,42000000000007,pad-1,gas,2027-01-01,2941.535179
strict_auto,smartcast_v1,42000000000007,pad-1,gas,2027-02-01,2886.068542
strict_auto,smartcast_v1,42000000000007,pad-1,gas,2027-03-01,2832.783682
strict_auto,smartcast_v1,42000000000007,pad-1,gas,2027-04-01,2781.553954
strict_auto,smartcast_v1,42000000000007,pad-1,gas,2027-05-01,2732.262377
strict_auto,smartcast_v1,42000000000007,pad-1,gas,2027-06-01,2684.800731
strict_auto,smartcast_v1,42000000000007,pad-1,gas,2027-07-01,2639.068744
strict_auto,smartcast_v1,42000000000007,pad-1,gas,2027-08-01,2594.973379
strict_auto,smartcast_v1,42000000000007,pad-1,gas,2027-09-01,2552.428192
strict_auto,smartcast_v1,42000000000007,pad-1,gas,2027-10-01,2511.352752
strict_auto,smartcast_v1,42000000000007,pad-1,gas,2027-11-01,2471.672131
strict_auto,smartcast_v1,42000000000007,pad-1,gas,2027-12-01,2433.316437
strict_auto,smartcast_v1,42000000000007,pad-1,water,2026-01-01,755.620893
strict_auto,smartcast_v1,42000000000007,pad-1,water,2026-02-01,740.553584
strict_auto,smartcast_v1,42000000000007,pad-1,water,2026-03-01,726.189008
strict_auto,smartcast_v1,42000000000007,pad-1,water,2026-04-01,712.47824
strict_auto,smartcast_v1,42000000000007,pad-1,water,2026-05-01,699.376888
strict_auto,smartcast_v1,42000000000007,pad-1,water,2026-06-01,686.844571
strict_auto,smartcast_v1,42000000000007,pad-1,water,2026-07-01,674.844477
strict_auto,smartcast_v1,42000000000007,pad-1,water,2026-08-01,663.34297
strict_auto,smartcast_v1,42000000000007,pad-1,water,2026-09-01,652.309255
strict_auto,smartcast_v1,42000000000007,pad-1,water,2026-10-01,641.71508
strict_auto,smartcast_v1,42000000000007,pad-1,water,2026-11-01,631.534479
strict_auto,smartcast_v1,42000000000007,pad-1,water,2026-12-01,621.74354
strict_auto,smartcast_v1,42000000000007,pad-1,water,2027-01-01,612.320208
strict_auto,smartcast_v1,42000000000007,pad-1,water,2027-02-01,603.244105
strict_auto,smartcast_v1,42000000000007,pad-1,water,2027-03-01,594.496373
strict_auto,smartcast_v1,42000000000007,pad-1,water,2027-04-01,586.059532
strict_auto,smartcast_v1,42000000000007,pad-1,water,2027-05-01,577.91736
strict_auto,smartcast_v1,42000000000007,pad-1,water,2027-06-01,570.054776
strict_auto,smartcast_v1,42000000000007,pad-1,water,2027-07-01,562.457744
strict_auto,smartcast_v1,42000000000007,pad-1,water,2027-08-01,555.113181
strict_auto,smartcast_v1,42000000000007,pad-1,water,2027-09-01,548.008881
strict_auto,smartcast_v1,42000000000007,pad-1,water,2027-10-01,541.133438
strict_auto,smartcast_v1,42000000000007,pad-1,water,2027-11-01,534.476184
strict_auto,smartcast_v1,42000000000007,pad-1,water,2027-12-01,528.027129
strict_auto,smartcast_v1,42000000000008,pad-2,oil,2026-01-01,2167.950635
strict_auto,smartcast_v1,42000000000008,pad-2,oil,2026-02-01,2092.966218
strict_auto,smartcast_v1,42000000000008,pad-2,oil,2026-03-01,2022.280417
strict_auto,smartcast_v1,42000000000008,pad-2,oil,2026-04-01,1955.553557
strict_auto,smartcast_v1,42000000000008,pad-2,oil,2026-05-01,1892.479845
strict_auto,smartcast_v1,42000000000008,pad-2,oil,2026-06-01,1832.783313
strict_auto,smartcast_v1,42000000000008,pad-2,oil,2026-07-01,1776.214333
strict_auto,smartcast_v1,42000000000008,pad-2,oil,2026-08-01,1722.546602
strict_auto,smartcast_v1,42000000000008,pad-2,oil,2026-09-01,1671.574522
strict_auto,smartcast_v1,42000000000008,pad-2,oil,2026-10-01,1623.110929
strict_auto,smartcast_v1,42000000000008,pad-2,oil,2026-11-01,1576.985104
strict_auto,smartcast_v1,42000000000008,pad-2,oil,2026-12-01,1533.041042
strict_auto,smartcast_v1,42000000000008,pad-2,oil,2027-01-01,1491.135921
strict_auto,smartcast_v1,42000000000008,pad-2,oil,2027-02-01,1451.138767
strict_auto,smartcast_v1,42000000000008,pad-2,oil,2027-03-01,1412.929269
strict_auto,smartcast_v1,42000000000008,pad-2,oil,2027-04-01,1376.396735
strict_auto,smartcast_v1,42000000000008,pad-2,oil,2027-05-01,1341.439167
strict_auto,smartcast_v1,42000000000008,pad-2,oil,2027-06-01,1307.962438
strict_auto,smartcast_v1,42000000000008,pad-2,oil,2027-07-01,1275.87956
strict_auto,smartcast_v1,42000000000008,pad-2,oil,2027-08-01,1245.110032
strict_auto,smartcast_v1,42000000000008,pad-2,oil,2027-09-01,1215.579257
strict_auto,smartcast_v1,42000000000008,pad-2,oil,2027-10-01,1187.21802
strict_auto,smartcast_v1,42000000000008,pad-2,oil,2027-11-01,1159.962019
strict_auto,smartcast_v1,42000000000008,pad-2,oil,2027-12-01,1133.751445
strict_auto,smartcast_v1,42000000000008,pad-2,gas,2026-01-01,3966.373651
strict_auto,smartcast_v1,42000000000008,pad-2,gas,2026-02-01,3866.274974
strict_auto,smartcast_v1,42000000000008,pad-2,gas,2026-03-01,3771.353981
strict_auto,smartcast_v1,42000000000008,pad-2,gas,2026-04-01,3681.216844
strict_auto,smartcast_v1,42000000000008,pad-2,gas,2026-05-01,3595.508851
strict_auto,smartcast_v1,42000000000008,pad-2,gas,2026-06-01,3513.909661
strict_auto,smartcast_v1,42000000000008,pad-2,gas,2026-07-01,3436.129228
strict_auto,smartcast_v1,42000000000008,pad-2,gas,2026-08-01,3361.904296
strict_auto,smartcast_v1,42000000000008,pad-2,gas,2026-09-01,3290.995368
strict_auto,smartcast_v1,42000000000008,pad-2,gas,2026-10-01,3223.18408
strict_auto,smartcast_v1,42000000000008,pad-2,gas,2026-11-01,3158.270916
strict_auto,smartcast_v1,42000000000008,pad-2,gas,2026-12-01,3096.073212
strict_auto,smartcast_v1,42000000000008,pad-2,gas,2027-01-01,3036.423411
strict_auto,smartcast_v1,42000000000008,pad-2,gas,2027-02-01,2979.167527
strict_auto,smartcast_v1,42000000000008,pad-2,gas,2027-03-01,2924.163801
strict_auto,smartcast_v1,42000000000008,pad-2,gas,2027-04-01,2871.281501
strict_auto,smartcast_v1,42000000000008,pad-2,gas,2027-05-01,2820.399873
strict_auto,smartcast_v1,42000000000008,pad-2,gas,2027-06-01,2771.407206
strict_auto,smartcast_v1,42000000000008,pad-2,gas,2027-07-01,2724.199994
strict_auto,smartcast_v1,42000000000008,pad-2,gas,2027-08-01,2678.682198
strict_auto,smartcast_v1,42000000000008,pad-2,gas,2027-09-01,2634.764586
strict_auto,smartcast_v1,42000000000008,pad-2,gas,2027-10-01,2592.364131
strict_auto,smartcast_v1,42000000000008,pad-2,gas,2027-11-01,2551.40349
strict_auto,smartcast_v1,42000000000008,pad-2,gas,2027-12-01,2511.810516
strict_auto,smartcast_v1,42000000000008,pad-2,water,2026-01-01,779.99576
strict_auto,smartcast_v1,42000000000008,pad-2,water,2026-02-01,764.442409
strict_auto,smartcast_v1,42000000000008,pad-2,water,2026-03-01,749.61446
strict_auto,smartcast_v1,42000000000008,pad-2,water,2026-04-01,735.46141
strict_auto,smartcast_v1,42000000000008,pad-2,water,2026-05-01,721.937433
strict_auto,smartcast_v1,42000000000008,pad-2,water,2026-06-01,709.000848
strict_auto,smartcast_v1,42000000000008,pad-2,water,2026-07-01,696.613654
strict_auto,smartcast_v1,42000000000008,pad-2,water,2026-08-01,684.741131
strict_auto,smartcast_v1,42000000000008,pad-2,water,2026-09-01,673.351489
strict_auto,smartcast_v1,42000000000008,pad-2,water,2026-10-01,662.415567
strict_auto,smartcast_v1,42000000000008,pad-2,water,2026-11-01,651.906559
strict_auto,smartcast_v1,42000000000008,pad-2,water,2026-12-01,641.799783
strict_auto,smartcast_v1,42000000000008,pad-2,water,2027-01-01,632.072473
strict_auto,smartcast_v1,42000000000008,pad-2,water,2027-02-01,622.703593
strict_auto,smartcast_v1,42000000000008,pad-2,water,2027-03-01,613.673675
strict_auto,smartcast_v1,42000000000008,pad-2,water,2027-04-01,604.964679
strict_auto,smartcast_v1,42000000000008,pad-2,water,2027-05-01,596.559856
strict_auto,smartcast_v1,42000000000008,pad-2,water,2027-06-01,588.44364
strict_auto,smartcast_v1,42000000000008,pad-2,water,2027-07-01,580.601542
strict_auto,smartcast_v1,42000000000008,pad-2,water,2027-08-01,573.020058
strict_auto,smartcast_v1,42000000000008,pad-2,water,2027-09-01,565.686587
strict_auto,smartcast_v1,42000000000008,pad-2,water,2027-10-01,558.589356
strict_auto,smartcast_v1,42000000000008,pad-2,water,2027-11-01,551.717352
strict_auto,smartcast_v1,42000000000008,pad-2,water,2027-12-01,545.060262
strict_auto,smartcast_v1,42000000000009,pad-2,oil,2026-01-01,2235.699092
strict_auto,smartcast_v1,42000000000009,pad-2,oil,2026-02-01,2158.371412
strict_auto,smartcast_v1,42000000000009,pad-2,oil,2026-03-01,2085.47668
strict_auto,smartcast_v1,42000000000009,pad-2,oil,2026-04-01,2016.664606
strict_auto,smartcast_v1,42000000000009,pad-2,oil,2026-05-01,1951.61984
strict_auto,smartcast_v1,42000000000009,pad-2,oil,2026-06-01,1890.057791
strict_auto,smartcast_v1,42000000000009,pad-2,oil,2026-07-01,1831.721031
strict_auto,smartcast_v1,42000000000009,pad-2,oil,2026-08-01,1776.376183
strict_auto,smartcast_v1,42000000000009,pad-2,oil,2026-09-01,1723.811226
strict_auto,smartcast_v1,42000000000009,pad-2,oil,2026-10-01,1673.833145
strict_auto,smartcast_v1,42000000000009,pad-2,oil,2026-11-01,1626.265889
strict_auto,smartcast_v1,42000000000009,pad-2,oil,2026-12-01,1580.948575
strict_auto,smartcast_v1,42000000000009,pad-2,oil,2027-01-01,1537.733919
strict_auto,smartcast_v1,42000000000009,pad-2,oil,2027-02-01,1496.486853
strict_auto,smartcast_v1,42000000000009,pad-2,oil,2027-03-01,1457.083308
strict_auto,smartcast_v1,42000000000009,pad-2,oil,2027-04-01,1419.409133
strict_auto,smartcast_v1,42000000000009,pad-2,oil,2027-05-01,1383.359141
strict_auto,smartcast_v1,42000000000009,pad-2,oil,2027-06-01,1348.836265
strict_auto,smartcast_v1,42000000000009,pad-2,oil,2027-07-01,1315.750797
strict_auto,smartcast_v1,42000000000009,pad-2,oil,2027-08-01,1284.019721
strict_auto,smartcast_v1,42000000000009,pad-2,oil,2027-09-01,1253.566109
strict_auto,smartcast_v1,42000000000009,pad-2,oil,2027-10-01,1224.318583
strict_auto,smartcast_v1,42000000000009,pad-2,oil,2027-11-01,1196.210832
strict_auto,smartcast_v1,42000000000009,pad-2,oil,2027-12-01,1169.181178
strict_auto,smartcast_v1,42000000000009,pad-2,gas,2026-01-01,4090.322828
strict_auto,smartcast_v1,42000000000009,pad-2,gas,2026-02-01,3987.096067
strict_auto,smartcast_v1,42000000000009,pad-2,gas,2026-03-01,3889.208793
strict_auto,smartcast_v1,42000000000009,pad-2,gas,2026-04-01,3796.25487
strict_auto,smartcast_v1,42000000000009,pad-2,gas,2026-05-01,3707.868502
strict_auto,smartcast_v1,42000000000009,pad-2,gas,2026-06-01,3623.719338
strict_auto,smartcast_v1,42000000000009,pad-2,gas,2026-07-01,3543.508267
strict_auto,smartcast_v1,42000000000009,pad-2,gas,2026-08-01,3466.963805
strict_auto,smartcast_v1,42000000000009,pad-2,gas,2026-09-01,3393.838973
strict_auto,smartcast_v1,42000000000009,pad-2,gas,2026-10-01,3323.908582
strict_auto,smartcast_v1,42000000000009,pad-2,gas,2026-11-01,3256.966882
strict_auto,smartcast_v1,42000000000009,pad-2,gas,2026-12-01,3192.8255
strict_auto,smartcast_v1,42000000000009,pad-2,gas,2027-01-01,3131.311642
strict_auto,smartcast_v1,42000000000009,pad-2,gas,2027-02-01,3072.266513
strict_auto,smartcast_v1,42000000000009,pad-2,gas,2027-03-01,3015.543919
strict_auto,smartcast_v1,42000000000009,pad-2,gas,2027-04-01,2961.009047
strict_auto,smartcast_v1,42000000000009,pad-2,gas,2027-05-01,2908.537369
strict_auto,smartcast_v1,42000000000009,pad-2,gas,2027-06-01,2858.013681
strict_auto,smartcast_v1,42000000000009,pad-2,gas,2027-07-01,2809.331243
strict_auto,smartcast_v1,42000000000009,pad-2,gas,2027-08-01,2762.391017
strict_auto,smartcast_v1,42000000000009,pad-2,gas,2027-09-01,2717.100979
strict_auto,smartcast_v1,42000000000009,pad-2,gas,2027-10-01,2673.37551
strict_auto,smartcast_v1,42000000000009,pad-2,gas,2027-11-01,2631.134849
strict_auto,smartcast_v1,42000000000009,pad-2,gas,2027-12-01,2590.304595
strict_auto,smartcast_v1,42000000000009,pad-2,water,2026-01-01,804.370628
strict_auto,smartcast_v1,42000000000009,pad-2,water,2026-02-01,788.331235
strict_auto,smartcast_v1,42000000000009,pad-2,water,2026-03-01,773.039912
strict_auto,smartcast_v1,42000000000009,pad-2,water,2026-04-01,758.444579
strict_auto,smartcast_v1,42000000000009,pad-2,water,2026-05-01,744.497978
strict_auto,smartcast_v1,42000000000009,pad-2,water,2026-06-01,731.157124
strict_auto,smartcast_v1,42000000000009,pad-2,water,2026-07-01,718.38283
strict_auto,smartcast_v1,42000000000009,pad-2,water,2026-08-01,706.139291
strict_auto,smartcast_v1,42000000000009,pad-2,water,2026-09-01,694.393723
strict_auto,smartcast_v1,42000000000009,pad-2,water,2026-10-01,683.116053
strict_auto,smartcast_v1,42000000000009,pad-2,water,2026-11-01,672.278639
strict_auto,smartcast_v1,42000000000009,pad-2,water,2026-12-01,661.856026
strict_auto,smartcast_v1,42000000000009,pad-2,water,2027-01-01,651.824738
strict_auto,smartcast_v1,42000000000009,pad-2,water,2027-02-01,642.16308
strict_auto,smartcast_v1,42000000000009,pad-2,water,2027-03-01,632.850978
strict_auto,smartcast_v1,42000000000009,pad-2,water,2027-04-01,623.869825
strict_auto,smartcast_v1,42000000000009,pad-2,water,2027-05-01,615.202351
strict_auto,smartcast_v1,42000000000009,pad-2,water,2027-06-01,606.832504
strict_auto,smartcast_v1,42000000000009,pad-2,water,2027-07-01,598.74534
strict_auto,smartcast_v1,42000000000009,pad-2,water,2027-08-01,590.926935
strict_auto,smartcast_v1,42000000000009,pad-2,water,2027-09-01,583.364293
strict_auto,smartcast_v1,42000000000009,pad-2,water,2027-10-01,576.045273
strict_auto,smartcast_v1,42000000000009,pad-2,water,2027-11-01,568.958519
strict_auto,smartcast_v1,42000000000009,pad-2,water,2027-12-01,562.093395
strict_auto,smartcast_v1,42000000000010,pad-2,oil,2026-01-01,2303.447549
strict_auto,smartcast_v1,42000000000010,pad-2,oil,2026-02-01,2223.776607
strict_auto,smartcast_v1,42000000000010,pad-2,oil,2026-03-01,2148.672943
strict_auto,smartcast_v1,42000000000010,pad-2,oil,2026-04-01,2077.775655
strict_auto,smartcast_v1,42000000000010,pad-2,oil,2026-05-01,2010.759835
strict_auto,smartcast_v1,42000000000010,pad-2,oil,2026-06-01,1947.33227
strict_auto,smartcast_v1,42000000000010,pad-2,oil,2026-07-01,1887.227729
strict_auto,smartcast_v1,42000000000010,pad-2,oil,2026-08-01,1830.205765
strict_auto,smartcast_v1,42000000000010,pad-2,oil,2026-09-01,1776.04793
strict_auto,smartcast_v1,42000000000010,pad-2,oil,2026-10-01,1724.555362
strict_auto,smartcast_v1,42000000000010,pad-2,oil,2026-11-01,1675.546673
strict_auto,smartcast_v1,42000000000010,pad-2,oil,2026-12-01,1628.856107
strict_auto,smartcast_v1,42000000000010,pad-2,oil,2027-01-01,1584.331916
strict_auto,smartcast_v1,42000000000010,pad-2,oil,2027-02-01,1541.83494
strict_auto,smartcast_v1,42000000000010,pad-2,oil,2027-03-01,1501.237348
strict_auto,smartcast_v1,42000000000010,pad-2,oil,2027-04-01,1462.421531
strict_auto,smartcast_v1,42000000000010,pad-2,oil,2027-05-01,1425.279115
strict_auto,smartcast_v1,42000000000010,pad-2,oil,2027-06-01,1389.710091
strict_auto,smartcast_v1,42000000000010,pad-2,oil,2027-07-01,1355.622033
strict_auto,smartcast_v1,42000000000010,pad-2,oil,2027-08-01,1322.92941
strict_auto,smartcast_v1,42000000000010,pad-2,oil,2027-09-01,1291.552961
strict_auto,smartcast_v1,42000000000010,pad-2,oil,2027-10-01,1261.419146
strict_auto,smartcast_v1,42000000000010,pad-2,oil,2027-11-01,1232.459645
strict_auto,smartcast_v1,42000000000010,pad-2,oil,2027-12-01,1204.610911
strict_auto,smartcast_v1,42000000000010,pad-2,gas,2026-01-01,4214.272004
strict_auto,smartcast_v1,42000000000010,pad-2,gas,2026-02-01,4107.91716
strict_auto,smartcast_v1,42000000000010,pad-2,gas,2026-03-01,4007.063605
strict_auto,smartcast_v1,42000000000010,pad-2,gas,2026-04-01,3911.292896
strict_auto,smartcast_v1,42000000000010,pad-2,gas,2026-05-01,3820.228154
strict_auto,smartcast_v1,42000000000010,pad-2,gas,2026-06-01,3733.529015
strict_auto,smartcast_v1,42000000000010,pad-2,gas,2026-07-01,3650.887305
strict_auto,smartcast_v1,42000000000010,pad-2,gas,2026-08-01,3572.023315
strict_auto,smartcast_v1,42000000000010,pad-2,gas,2026-09-01,3496.682578
strict_auto,smartcast_v1,42000000000010,pad-2,gas,2026-10-01,3424.633085
strict_auto,smartcast_v1,42000000000010,pad-2,gas,2026-11-01,3355.662848
strict_auto,smartcast_v1,42000000000010,pad-2,gas,2026-12-01,3289.577788
strict_auto,smartcast_v1,42000000000010,pad-2,gas,2027-01-01,3226.199874
strict_auto,smartcast_v1,42000000000010,pad-2,gas,2027-02-01,3165.365498
strict_auto,smartcast_v1,42000000000010,pad-2,gas,2027-03-01,3106.924038
strict_auto,smartcast_v1,42000000000010,pad-2,gas,2027-04-01,3050.736594
strict_auto,smartcast_v1,42000000000010,pad-2,gas,2027-05-01,2996.674865
strict_auto,smartcast_v1,42000000000010,pad-2,gas,2027-06-01,2944.620156
strict_auto,smartcast_v1,42000000000010,pad-2,gas,2027-07-01,2894.462493
strict_auto,smartcast_v1,42000000000010,pad-2,gas,2027-08-01,2846.099835
strict_auto,smartcast_v1,42000000000010,pad-2,gas,2027-09-01,2799.437372
strict_auto,smartcast_v1,42000000000010,pad-2,gas,2027-10-01,2754.386889
strict_auto,smartcast_v1,42000000000010,pad-2,gas,2027-11-01,2710.866208
strict_auto,smartcast_v1,42000000000010,pad-2,gas,2027-12-01,2668.798673
strict_auto,smartcast_v1,42000000000010,pad-2,water,2026-01-01,828.745495
strict_auto,smartcast_v1,42000000000010,pad-2,water,2026-02-01,812.22006
strict_auto,smartcast_v1,42000000000010,pad-2,water,2026-03-01,796.465364
strict_auto,smartcast_v1,42000000000010,pad-2,water,2026-04-01,781.427748
strict_auto,smartcast_v1,42000000000010,pad-2,water,2026-05-01,767.058523
strict_auto,smartcast_v1,42000000000010,pad-2,water,2026-06-01,753.313401
strict_auto,smartcast_v1,42000000000010,pad-2,water,2026-07-01,740.152007
strict_auto,smartcast_v1,42000000000010,pad-2,water,2026-08-01,727.537451
strict_auto,smartcast_v1,42000000000010,pad-2,water,2026-09-01,715.435957
strict_auto,smartcast_v1,42000000000010,pad-2,water,2026-10-01,703.81654
strict_auto,smartcast_v1,42000000000010,pad-2,water,2026-11-01,692.650719
strict_auto,smartcast_v1,42000000000010,pad-2,water,2026-12-01,681.91227
strict_auto,smartcast_v1,42000000000010,pad-2,water,2027-01-01,671.577003
strict_auto,smartcast_v1,42000000000010,pad-2,water,2027-02-01,661.622567
strict_auto,smartcast_v1,42000000000010,pad-2,water,2027-03-01,652.02828
strict_auto,smartcast_v1,42000000000010,pad-2,water,2027-04-01,642.774971
strict_auto,smartcast_v1,42000000000010,pad-2,water,2027-05-01,633.844847
strict_auto,smartcast_v1,42000000000010,pad-2,water,2027-06-01,625.221368
strict_auto,smartcast_v1,42000000000010,pad-2,water,2027-07-01,616.889138
strict_auto,smartcast_v1,42000000000010,pad-2,water,2027-08-01,608.833812
strict_auto,smartcast_v1,42000000000010,pad-2,water,2027-09-01,601.041999
strict_auto,smartcast_v1,42000000000010,pad-2,water,2027-10-01,593.501191
strict_auto,smartcast_v1,42000000000010,pad-2,water,2027-11-01,586.199686
strict_auto,smartcast_v1,42000000000010,pad-2,water,2027-12-01,579.126529
strict_auto,smartcast_v1,42000000000011,pad-2,oil,2026-01-01,2371.196007
strict_auto,smartcast_v1,42000000000011,pad-2,oil,2026-02-01,2289.181801
strict_auto,smartcast_v1,42000000000011,pad-2,oil,2026-03-01,2211.869206
strict_auto,smartcast_v1,42000000000011,pad-2,oil,2026-04-01,2138.886703
strict_auto,smartcast_v1,42000000000011,pad-2,oil,2026-05-01,2069.89983
strict_auto,smartcast_v1,42000000000011,pad-2,oil,2026-06-01,2004.606748
strict_auto,smartcast_v1,42000000000011,pad-2,oil,2026-07-01,1942.734427
strict_auto,smartcast_v1,42000000000011,pad-2,oil,2026-08-01,1884.035346
strict_auto,smartcast_v1,42000000000011,pad-2,oil,2026-09-01,1828.284633
strict_auto,smartcast_v1,42000000000011,pad-2,oil,2026-10-01,1775.277578
strict_auto,smartcast_v1,42000000000011,pad-2,oil,2026-11-01,1724.827458
strict_auto,smartcast_v1,42000000000011,pad-2,oil,2026-12-01,1676.76364
strict_auto,smartcast_v1,42000000000011,pad-2,oil,2027-01-01,1630.929914
strict_auto,smartcast_v1,42000000000011,pad-2,oil,2027-02-01,1587.183026
strict_auto,smartcast_v1,42000000000011,pad-2,oil,2027-03-01,1545.391388
strict_auto,smartcast_v1,42000000000011,pad-2,oil,2027-04-01,1505.433929
strict_auto,smartcast_v1,42000000000011,pad-2,oil,2027-05-01,1467.199089
strict_auto,smartcast_v1,42000000000011,pad-2,oil,2027-06-01,1430.583917
strict_auto,smartcast_v1,42000000000011,pad-2,oil,2027-07-01,1395.493269
strict_auto,smartcast_v1,42000000000011,pad-2,oil,2027-08-01,1361.839098
strict_auto,smartcast_v1,42000000000011,pad-2,oil,2027-09-01,1329.539813
strict_auto,smartcast_v1,42000000000011,pad-2,oil,2027-10-01,1298.519709
strict_auto,smartcast_v1,42000000000011,pad-2,oil,2027-11-01,1268.708458
strict_auto,smartcast_v1,42000000000011,pad-2,oil,2027-12-01,1240.040643
strict_auto,smartcast_v1,42000000000011,pad-2,gas,2026-01-01,4338.221181
strict_auto,smartcast_v1,42000000000011,pad-2,gas,2026-02-01,4228.738253
strict_auto,smartcast_v1,42000000000011,pad-2,gas,2026-03-01,4124.918417
strict_auto,smartcast_v1,42000000000011,pad-2,gas,2026-04-01,4026.330923
strict_auto,smartcast_v1,42000000000011,pad-2,gas,2026-05-01,3932.587806
strict_auto,smartcast_v1,42000000000011,pad-2,gas,2026-06-01,3843.338692
strict_auto,smartcast_v1,42000000000011,pad-2,gas,2026-07-01,3758.266344
strict_auto,smartcast_v1,42000000000011,pad-2,gas,2026-08-01,3677.082824
strict_auto,smartcast_v1,42000000000011,pad-2,gas,2026-09-01,3599.526184
strict_auto,smartcast_v1,42000000000011,pad-2,gas,2026-10-01,3525.357588
strict_auto,smartcast_v1,42000000000011,pad-2,gas,2026-11-01,3454.358814
strict_auto,smartcast_v1,42000000000011,pad-2,gas,2026-12-01,3386.330076
strict_auto,smartcast_v1,42000000000011,pad-2,gas,2027-01-01,3321.088105
strict_auto,smartcast_v1,42000000000011,pad-2,gas,2027-02-01,3258.464483
strict_auto,smartcast_v1,42000000000011,pad-2,gas,2027-03-01,3198.304157
strict_auto,smartcast_v1,42000000000011,pad-2,gas,2027-04-01,3140.464141
strict_auto,smartcast_v1,42000000000011,pad-2,gas,2027-05-01,3084.812361
strict_auto,smartcast_v1,42000000000011,pad-2,gas,2027-06-01,3031.226631
strict_auto,smartcast_v1,42000000000011,pad-2,gas,2027-07-01,2979.593743
strict_auto,smartcast_v1,42000000000011,pad-2,gas,2027-08-01,2929.808654
strict_auto,smartcast_v1,42000000000011,pad-2,gas,2027-09-01,2881.773765
strict_auto,smartcast_v1,42000000000011,pad-2,gas,2027-10-01,2835.398269
strict_auto,smartcast_v1,42000000000011,pad-2,gas,2027-11-01,2790.597567
strict_auto,smartcast_v1,42000000000011,pad-2,gas,2027-12-01,2747.292752
strict_auto,smartcast_v1,42000000000011,pad-2,water,2026-01-01,853.120363
strict_auto,smartcast_v1,42000000000011,pad-2,water,2026-02-01,836.108885
strict_auto,smartcast_v1,42000000000011,pad-2,water,2026-03-01,819.890815
strict_auto,smartcast_v1,42000000000011,pad-2,water,2026-04-01,804.410917
strict_auto,smartcast_v1,42000000000011,pad-2,water,2026-05-01,789.619067
strict_auto,smartcast_v1,42000000000011,pad-2,water,2026-06-01,775.469678
strict_auto,smartcast_v1,42000000000011,pad-2,water,2026-07-01,761.921184
strict_auto,smartcast_v1,42000000000011,pad-2,water,2026-08-01,748.935612
strict_auto,smartcast_v1,42000000000011,pad-2,water,2026-09-01,736.478191
strict_auto,smartcast_v1,42000000000011,pad-2,water,2026-10-01,724.517026
strict_auto,smartcast_v1,42000000000011,pad-2,water,2026-11-01,713.022799
strict_auto,smartcast_v1,42000000000011,pad-2,water,2026-12-01,701.968513
strict_auto,smartcast_v1,42000000000011,pad-2,water,2027-01-01,691.329267
strict_auto,smartcast_v1,42000000000011,pad-2,water,2027-02-01,681.082054
strict_auto,smartcast_v1,42000000000011,pad-2,water,2027-03-01,671.205582
strict_auto,smartcast_v1,42000000000011,pad-2,water,2027-04-01,661.680118
strict_auto,smartcast_v1,42000000000011,pad-2,water,2027-05-01,652.487342
strict_auto,smartcast_v1,42000000000011,pad-2,water,2027-06-01,643.610231
strict_auto,smartcast_v1,42000000000011,pad-2,water,2027-07-01,635.032937
strict_auto,smartcast_v1,42000000000011,pad-2,water,2027-08-01,626.740689
strict_auto,smartcast_v1,42000000000011,pad-2,water,2027-09-01,618.719705
strict_auto,smartcast_v1,42000000000011,pad-2,water,2027-10-01,610.957108
strict_auto,smartcast_v1,42000000000011,pad-2,water,2027-11-01,603.440854
strict_auto,smartcast_v1,42000000000011,pad-2,water,2027-12-01,596.159662
